ア,アージュレス
ア,アースセラプティクス
ア,アーダブレーン
ア,アーダン
ア,アーチフィッター
ア,アーデル
ア,アーニー
ア,アーニーズ
ア,アーバン
ア,アーユルベーダオイル
ア,アールエムケー
ア,アールエル シリーズ
ア,アールスリー
ア,アール・ツー・オー
ア,アイオペ
ア,アイズ
ア,アイドロシー
ア,アイブロウキュアー
ア,アイボリー
ア,アイリーバギー
ア,アヴァンセ
ア,アオイコスメティックス
ア,アカイシ
ア,アクア ディ パルマ
ア,アクアフェアリー
ア,アクア・マドンナ
ア,アクア ミスティーク
ア,アクアレーベル
ア,アクアロック
ア,アクアヴィ
ア,アクオリナ
ア,アクセーヌ
ア,アクネスラボ
ア,アクネバリア
ア,アザロ
ア,アジアチカ
ア,アジエンス
ア,アジュバン
ア,アスアナ
ア,アスタリフト
ア,アスティ
ア,アスミカ
ア,アセント石鹸
ア,アダバイオ
ア,アッカ カッパ
ア,アックス
ア,アットマユカラー
ア,アテニア
ア,アディクション
ア,アデルマ
ア,アトパーム
ア,アドム
ア,アナスイ
ア,アナスタシア
ア,アナリュテージ
ア,アニエスベー
ア,アネキャン
ア,アネッサ
ア,アバロンオーガニクス
ア,アパガード
ア,アビエルタ
ア,アビジェル
ア,アピュア
ア,アベンヌ
ア,アペックス
ア,アマーユ
ア,アマビリス
ア,アミノリセ
ア,アミューレ
ア,アムアージュ
ア,アムリターラ
ア,アメツチ
ア,アモーレパシフィック
ア,アラウ
ア,アラウ ベビー
ア,アラガン
ア,アラミス
ア,アラン ドロン
ア,アリィー
ア,アリタウム
ア,アリミノ
ア,アリム
ア,アルージェ
ア,アルガンドール
ア,アルキミア
ア,アルゴテルム
ア,アルサイエンス
ア,アルジタル
ア,アルテ
ア,アルティ
ア,アルバ
ア,アルバ ボタニカ
ア,アルビオン
ア,アルマード ラ ディーナ
ア,アルムドダウム
ア,アルメディック
ア,アレス
ア,アロバーチ
ア,アロマエッセ
ア,アロマコンセプト
ア,アロマセラピー アソシエイツ
ア,アロマティック ココ
ア,アロモンヌ
ア,アロヴィヴィ
ア,アンエラ
ア,アンジェ
ア,アンジュリン
ア,アンスクレ
ア,アンスティテュ・トレ・ビアン
ア,アンダーテン
ア,アンテノーブル
ア,アンデプラン
ア,アンドフェイス
ア,アンドラティア
ア,アンナトゥモール
ア,アンネマリー・ボーリンド
ア,アンバーボタニカル
ア,アンビオ
ア,アンファー
ア,アンブラ
ア,アンブリオウス
ア,アンプルール
ア,アンリュクス
イ,イーオー
イ,イーカオス
イ,イーテック
イ,イーノ
イ,イーハイフン
イ,イープ
イ,イヴ サン ローラン
イ,イオナ
イ,イオミスト
イ,イクス
イ,イゴール
イ,石澤研究所
イ,イソップ
イ,イソラル
イ,イタヤ
イ,いち髪
イ,一凛
イ,イッセイミヤケ
イ,イッツスキン
イ,イニスフリー
イ,イビザ
イ,イプサ
イ,イミュ
イ,イリアール
イ,イリュージュ
イ,イリューム
イ,イルブリール
イ,彩
イ,いわみ
イ,インウイ アイディー
イ,インスパイリングミカコ
イ,インティ・バリ
イ,インテグレート
イ,インテグレート グレイシィ
イ,インナーシグナル
イ,インフィオレ
イ,イン・プレス
イ,イン レッド
イ,イヴロム
ウ,ヴィクトリア シークレット
ウ,ヴィセ
ウ,ウィムーン
ウ,ウィッチズポーチ
ウ,ウーノ
ウ,ウーマ
ウ,ウェルチ
ウ,ウェレジーナ
ウ,ウェン
ウ,ウエラ
ウ,ウエルテック
ウ,ウォースノース
ウ,ウオルグリーン
ウ,ウカ
ウ,ウッズ オブ ウィンザー
ウ,ウテナ
ウ,ウトガリア
ウ,うふふ
ウ,ウラ ヘンリクセン
ウ,ウリベート
ウ,うるおって
ウ,ウルテクラム
ウ,潤
ウ,ヴァーナル
ウ,ヴァセリン
ウ,ヴァルモン
ウ,ヴァンサンカン
ウ,ヴァンテロ
ウ,ヴィア・パリス
ウ,ヴィータ
ウ,ヴィート
ウ,ヴィーナス
ウ,ヴィーナススパ
ウ,ヴィザージュ
ウ,ヴィタマン
ウ,ヴィ・タラソ
ウ,ヴィダルサスーン
ウ,ヴィラボ
ウ,ヴィヴィ
ウ,ヴイガール
ウ,ヴェリィ
ウ,ヴェリマ
ウ,ヴェルトゥー
ウ,ヴォイッジ
ウ,ヴォーグ ニッポン
ウ,ヴォーチェ
ウ,ヴォス
ウ,ヴリンダヴァン
エ,エアー
エ,エイシア
エ,エイチ アンド エス
エ,エイチフォーユー
エ,エイブ
エ,エイベックス・マーケティング
エ,エーアイビー
エ,エーアンドエス
エ,エーエスシーアットホーム
エ,エーシー
エ,エーシーメイクアップ
エ,エクサ
エ,エクスボーテ
エ,エクセル
エ,エクセルーラ
エ,エクチャーム
エ,エクリナル
エ,エコ
エ,エスカーダ
エ,エス カワイイ
エ,エスケーツー
エ,エスケード
エ,エスティ ローダー
エ,エステー
エ,エステダム
エ,エスト
エ,エスプリーク
エ,エスポア
エ,エスポッシュ
エ,エスポワール
エ,エス・ユニーク
エ,エターナルベーシック
エ,エチュード
エ,エチュードハウス
エ,エッグ
エ,エッシー
エ,エッセンシャル
エ,エッソンシュエル
エ,エティート
エ,エテュセ
エ,エヌ
エ,エバーナット
エ,エバメール
エ,エビアン
エ,エビータ
エ,エフアンドエル
エ,エフラ
エ,エミュール
エ,エムアイエムシー
エ,エム・エス・エイチ
エ,エムココロ
エ,エムコスメ
エ,エムディ
エ,エメル コスメティックス
エ,エモダ
エ,エラバシェ
エ,エリクシール
エ,エリコネイル
エ,エリシーナ
エ,エリシャコイ
エ,素数
エ,エルエスシー
エ,エル・ガール
エ,エルシーラブコスメ
エ,エル・ジャポン
エ,エルバビーバ
エ,エルメス
エ,エルリ
エ,エレガンス
エ,エレンス
エ,エロイカ
エ,エンシア
エ,エンジェル ハート
エ,エンジェル リップル
エ,エンドジーナス
エ,エンビロン
エ,エヴァトーン
オ,オーセル澡
オ,オー
オ,オー
オ,オーアールピー トーキョー
オ,オーガニーク
オ,オーガニックファーマシー
オ,オーガニックボタニクス
オ,大島椿
オ,オージュア
オ,大塚製薬
オ,オーディ
オ,オードムーゲ
オ,オードリーズロンドン
オ,オービアン
オ,オーピー セラピー
オ,オーブクチュール
オ,オーブリーオーガニクス
オ,オーラ
オ,オーラサイエンス
オ,オーラツー
オ,オーリー
オ,オーロメア
オ,オキシー
オ,オザリー
オ,オスパス
オ,オッジ
オ,オトメール
オ,おはこ
オ,オバジ
オ,オフィチナリ・ディ・モンタウト
オ,オブ コスメティックス
オ,オペーク
オ,オペラ
オ,オミザAGソープ
オ,オムロン
オ,オリジンズ
オ,オリプレ
オ,オルガニック
オ,オルビス
オ,オルラーヌ
オ,オレイ
オ,オンディーヌ
カ,カークランドシグニチャー
カ,カースティン・フロリアン
カ,カイエナジー
カ,カイラ
カ,カウシェッド
カ,カウブランド
カ,花王
カ,カツウラ
カ,カティエ
カ,カドラ
カ,カネボウ
カ,カバーマーク
カ,カミヤマ美研
カ,カムリー ビオ ロゼ
カ,カモケアー
カ,カラノーム
カ,カリエカリエ
カ,カリンダ
カ,カルゴン
カ,カルジェル
カ,カルテ クリニティ
カ,カルトゥージア
カ,カルバン クライン
カ,カンタベリーローズ
カ,ガールアクティック
カ,ガイアエヌピー
カ,ガイア ナチュラル ベビー
カ,ガイア メディ
カ,ガスール
カ,ガマルド
カ,ガミラシークレット
カ,ガム
カ,ガレニーク
キ,キ
キ,キアリエ
キ,キーオ
キ,キーズ
キ,キールズ
キ,菊正宗
キ,キス
キ,キスミーフェルム
キ,キスユー
キ,キッカ
キ,キャシーキャット
キ,キャッティーパーティー
キ,キャメルアイズ
キ,キャロルフランク
キ,キャンキャン
キ,キャンティ ドーレ
キ,キャンメイク
キ,キューサイ
キ,休足時間
キ,キューティ
キ,キラ
キ,金印
キ,ギノー
キ,ギブ＆ギブ
キ,ギャツビー
キ,牛乳石鹸
ク,クウ
ク,クシュ
ク,クナイプ
ク,熊野化粧筆
ク,クライミー
ク,クラシエ
ク,クラッシィ
ク,クラランス
ク,クリアクリーン
ク,クリアターン
ク,クリアラスト
ク,クリーン
ク,クリオ
ク,クリスチャン ディオール
ク,クリスチャンモード
ク,クリニーク
ク,クリニエール
ク,クリヤ
ク,クルーガーハーブ
ク,クレア
ク,クレアラシル
ク,クレール
ク,クレオパトラ
ク,クレ・ド・ポー ボーテ
ク,クレビュー
ク,クレンジングリサーチ
ク,クロエ
ク,クロガミ
ク,クロップ
ク,クロバーコーポレーション
ク,クロラーヌ
ク,クヴォンデミニム
ク,グッチ
ク,グラッドラッグス
ク,グラマラス
ク,グランサンボン
ク,グランズレメディ
ク,グリーンノート
ク,グリッター
ク,グリナ
ク,グレ
ク,グレード
ク,グロッセ
ケ,毛穴撫子
ケ,ケアラボ
ケ,ケイト
ケ,ケイト モス
ケ,ケーパレット
ケ,ケープ
ケ,ケサランパサラン
ケ,ケユカ
ケ,ケラスターゼ
ケ,ケンゾー
ケ,ケント
ケ,ゲーウォール
ケ,ゲットフレッシュ
ケ,ゲラン
ケ,ゲルファミリー
コ,コア
コ,コアレム
コ,コイズミ
コ,江原道
コ,コウンセサン
コ,コエサム
コ,コージーコージー
コ,コージー本舗
コ,コースト
コ,コーセー
コ,コーダリー
コ,コスメデコルテ
コ,コタ
コ,コタ アイケア
コ,コットン ムーン
コ,コテ・バスティッド
コ,コパ・ハイク
コ,コフレドール
コ,コラージュ
コ,コラビクス
コ,コラントッテ
コ,コリアナ
コ,コリー
コ,コリンヌ・ド・プロヴァンス
コ,コンフォート パッド
コ,ゴウシャ
コ,ゴシッププレス
サ,サージェ
サ,サーマシルク
サ,サイクリック
サ,サイセ
サ,サキナ
サ,サクセス
サ,ササワシ
サ,サティス
サ,サドングロー
サ,サナ
サ,サノフロール
サ,さ姫
サ,サベックス
サ,サボニーズ
サ,サボン
サ,サボン・デ・シエスタ
サ,さらつゆプラス
サ,サラハップ
サ,サルヴァトーレ フェラガモ
サ,サロン ド プロ
サ,サロンスタイル
サ,32℃
サ,サンスター
サ,サンタマリアノヴェッラ
サ,サンバリア　100
サ,サンペレグリノ
サ,サンリオ
サ,ザー
サ,ザ・ツールス
サ,ザ・フィトンチッド
サ,ザ・フェイスショップ
サ,ザ・ボディ＆バスショップ
サ,ザ ボディショップ
シ,しあわせ本舗
シ,シアンスナチュレル
シ,シーアンドサン
シ,シーエーイチマルイチ
シ,シーエーシー化粧品
シ,シークレットガーデン
シ,シーザース ワールド
シ,シーズー
シ,シーブリーズ
シ,シーマ
シ,シーユーアール
シ,シーラーデルソルフォーアスリート
シ,詩麗雅
シ,シェリキサーポウ
シ,シェルクルール
シ,シエル
シ,シエロ
シ,塩美人
シ,シゲタ
シ,紫根
シ,シス ナンバー・ナイン
シ,シスレー
シ,資生堂
シ,シセラ
シ,シティ リップ
シ,シトロン
シ,シノワプリュス
シ,シャインアップ
シ,シャステート
シ,シャネル
シ,シャンソン化粧品
シ,シャンタル・トーマス
シ,シュウウエムラ
シ,シュガー
シ,シュプール
シ,シュワルツコフ
シ,シュンビソウ
シ,シルク ミュージアム ヨコハマ
シ,シロ
シ,深花
シ,新日本製薬
シ,シンビ ジャパン
シ,シン ピュルテ
シ,シンプリス
シ,ジアジャ
シ,ジーエー
シ,ジージー・シーシー
シ,ジートゥ
シ,ジーニー
シ,ジェーカサノバ
シ,ジェイジェイ
シ,ジェイソン
シ,ジェイ デルポゾ
シ,ジェーシープログラム
シ,ジェオマール
シ,ジェシーズフェイバリッツ
シ,ジェシカ
シ,ジェット
シ,ジェナティック
シ,ジェパーリー
シ,ジェフリーフルビマーリ
シ,ジェムケリー
シ,自生秀
シ,ジゼル
シ,ジッパー
シ,ジバンシー
シ,ジャンニ ヴェルサーチ
シ,ジャンヌ アルテス
シ,ジャン ポール ゴルチエ
シ,ジュース ビューティ
シ,ジュエティ
シ,ジュスティーヌ
シ,ジュナシス
シ,ジュビラン
シ,ジュブリー
シ,ジュランジェ
シ,ジュリーク
シ,ジュレリッチ
シ,ジュンコ クラッシック
シ,ジョーバン
シ,ジョー マローン ロンドン
シ,ジョバンニ
シ,ジョルジオ アルマーニ
シ,ジョンソン・エンド・ジョンソン
シ,ジョンソンベビー
シ,ジョンマスターオーガニック
シ,ジルカンチュエル
シ,ジル スチュアート
ス,スィートコットン
ス,スイーツケア
ス,スイサイ
ス,スウィーツ スウィーツ
ス,スウィート
ス,スーザンポスニック
ス,スージーニューヨーク
ス,スーパースマイル
ス,スエ
ス,スカリーズ
ス,スカルプD
ス,スキンアクア
ス,スキン ウィズイン
ス,スキン・シューティカルズ
ス,スキンフード
ス,スキンライフ
ス,スクワール
ス,スターオブザカラー
ス,スティーブンノル
ス,ステディ
ス,ステラシード
ス,ストーリィ
ス,ストリップ
ス,ストローラー
ス,スナオクワハラ
ス,スノーヴァ
ス,素肌畑
ス,スパ
ス,スパトリートメント
ス,スパリチュアル
ス,スピック
ス,スプリング
ス,スマイリング ブルー
ス,スマイル
ス,スマイルプライス
ス,スム37°
ス,スリーシーイー
ス,スリー
ス,スリーエム
ス,スリージーケアー
ス,スンダリ
ス,ズィー ビガッティ
セ,セアージュ
セ,セイイチ カナイ
セ,生活の木
セ,セイコー
セ,セイヤーズ
セ,セージ
セ,セザンヌ
セ,セシェ
セ,雪肌粋
セ,雪肌精
セ,セフィーヌ
セ,セフテイ
セ,セブンツーセブン
セ,セブンティーン
セ,セブンディー
セ,セラ
セ,セラ
セ,セラウス
セ,セラムデュー
セ,セリーヌ
セ,セリス
セ,セルケア
セ,セルコスメ
セ,セルバンク
セ,セルフュージョンシー
セ,セレヴィーナ
セ,セレスシャルセンツ
セ,セレブ
セ,洗顔専科
セ,センスネイチャー
セ,センセイシャ ボタニカルズ
セ,センチュリー
セ,セント ジェームス
セ,せんねん灸
セ,ゼニア ピーエイチシー
ソ,ソウ アカダ
ソ,ソウカモッカ
ソ,そうび
ソ,ソーソーロ
ソ,ソティス
ソ,ソニア リキエル
ソ,ソノコ
ソ,ソフィーナ
ソ,ソフィーナグレイス
ソ,ソフィーナ ボーテ
ソ,ソフティモ
ソ,ソフトソープ
ソ,ソヤファーム
ソ,ソラレー
ソ,雪花秀
ソ,ソレオ オーガニックス
ソ,ゾエ
ゾ,ゾーヤ
タ,ターゲット
タ,大正
タ,大正製薬
タ,タイムアンドスペース
タ,タウトロッフェン
タ,タウハウス
タ,タカミ
タ,多蘂
タ,タッチ
タ,タテガミ
タ,タリカ
タ,タルト
タ,タン
タ,ダーマE
タ,ダーマロジカ
タ,ダイアル
タ,第一三共ヘルスケア
タ,ダイラ
タ,ダソダ
タ,ダドセンス
タ,ダナエ
タ,ダビドフ
タ,ダブルリッチ
タ,ダリヤ
タ,ダンヒル
タ,ダヴ
チ,チェリッシュ
チ,チェルラー
チ,チコニア
チ,チコリ
チ,チタニア
チ,ちふれ
チ,チャームネイル
チ,チャーリー
チ,チャコット フォー プロフェッショナルズ
チ,茶宝
チ,チャスティ
チ,チューンメーカーズ
ツ,ツイーザーマン
ツ,ツバキ
ツ,鶴米
ツ,ツルリ
テ,ティアラビジュ
テ,ティアリー
テ,ティーエフシー
テ,ティーティーエス
テ,ティナント
テ,ティービーシー
テ,ティファニー
テ,ティヤ
テ,ティンタウニータ
テ,テテュス
テ,テラクオーレ
テ,ディアナチュラ
テ,ディアマンセル
テ,ディアモール
テ,ディーアップ
テ,ディーエイチシー
テ,ディーエクストラ
テ,ディーセス
テ,ディーフォー
テ,ディープクチャ
テ,ディープスティープ
テ,ディープログラム
テ,ディセンシア
テ,ディフ ストーリー
テ,ディフレスカ
テ,ディプティック
テ,デヴィッド ベッカム
テ,デエス
テ,デオナチュレ
テ,デザートエッセンス
テ,デジャヴュ
テ,デ・トレイ
テ,デフィ
テ,デボラリップマン
テ,デ ボンヌ
テ,デュウ
テ,デューサー
テ,デューティー
テ,デュオ
テ,デュフラ
テ,デュランス
テ,デリエ
テ,デルベ
テ,デルマビジュアルズ
テ,デロン
デ,デュカート
ト,トゥイ
ト,トゥイバーム&ワックス
ト,トゥインクルパフ
ト,トゥインクルビー
ト,トゥータ.
ト,トゥー ザ シーン
ト,トゥーフェイス
ト,トゥルー
ト,トゥルーカバー
ト,東京大学コミュニケーションセンター
ト,トウス
ト,豆腐の盛田屋
ト,トープラン
ト,トーン
ト,土佐龍
ト,トダコサ
ト,トミー  ヒルフィガー
ト,トムフォードビューティ
ト,トモノ
ト,トラサルディ
ト,トラシメーノ
ト,トランスダーマ
ト,トリシャンティ
ト,トリニティーライン
ト,トリム
ト,トリロジー
ト,トレセメ
ト,トレフル
ト,トワニー
ト,トヴァ
ト,ドゥーエ
ト,ドゥーミー
ト,ドーリーウインク
ト,ドクターペリコンMD
ト,ドクターエイチアンドエイチ
ト,ドクターエルウィン
ト,ドクターカナコ
ト,ドクターシーラボ
ト,ドクタータカハマ
ト,ドクターノヴェル
ト,ドクター ブロナー
ト,ドクター ミネラル
ト,ドクターラッシュアンプル
ト,ドモホルンリンクル
ド,Dr.ハウシュカ
ド,ドクターリセラ
ナ,ナーズ
ナ,ナーセリー
ナ,ナイアード
ナ,ナイーブ
ナ,ナオエッセンス
ナ,ナカノ
ナ,ナカノ スタイリング
ナ,ナジャペレーネ
ナ,ナソニマ
ナ,ナチュムラコスメティクス
ナ,ナチュラ
ナ,ナチュラグラッセ
ナ,ナチュラ ビセ
ナ,ナチュラム
ナ,ナチュラルコスメティクスバー
ナ,ナチュラルタッチ
ナ,ナチュラル ビューティー
ナ,ナチュリエ
ナ,ナチュレンス
ナ,ナノアクア
ナ,ナプラ
ナ,ナ ホオラ
ナ,ナマチェコ
ナ,菜実果
ナ,ナリス
ナ,ナンバースリー
ニ,ニールズヤード レメディーズ
ニ,ニコス
ニ,ニジュウヨンエイチコスメ
ニ,ニチエー
ニ,ニッタバイオラボ
ニ,ニッピコラーゲン
ニ,日本香堂
ニ,日本ドラッグチェーン
ニ,ニナ リッチ
ニ,ニベア
ニ,ニベアメン
ニ,ニュー・サイエンス
ニ,ニューザックコスメ
ニ,ニュートロジーナ
ニ,ニューヨークカラー
ニ,ニュクス
ヌ,ヌイ
ヌ,ヌー
ヌ,ヌーディモア
ヌ,ヌード
ネ,ネイチャーアンドコー
ネ,ネイチャーズゲート
ネ,ネイティブワークス
ネ,ネイルテック
ネ,ネイルネイル
ネ,ネイルホリック
ネ,ネイル マックス
ネ,ネイルヴィーナス
ネ,ネオストラータ
ネ,ネオセル
ネ,ネスノ
ネ,ねば塾
ノ,ノーザンライト
ノ,ノーマディック
ノ,ノーミス・ネイルケア
ノ,ノブ
ノ,ノムバラ
ノ,野本建設
ノ,ノルディック ナチュラルズ
ノ,ノンノ
ノ,ノンペレール
ハ,ハーチュリー
ハ,ハートヘルスヒーリング
ハ,ハード キャンディ
ハ,ハーバシン
ハ,ハーバルエッセンス
ハ,ハーバルライフ
ハ,ハーブ化粧品
ハ,ハーン
ハ,ハウスオブローゼ
ハ,ハギナ
ハ,ハク
ハ,はくら
ハ,ハグラグ
ハ,肌水
ハ,肌美精
ハ,肌ラボ
ハ,ハチリショップ
ハ,ハッピー チョイス
ハ,ハナ イシュル
ハ,花牌
ハ,ハホニコ
ハ,ハンソルバイオ
ハ,バーバリー
ハ,バーン ショウー
ハ,バイオ
ハ,バイオイル
ハ,バイオイル
ハ,バイオエッセンス
ハ,バイオキュー
ハ,バイオシルク
ハ,バイオプログラミング
ハ,バイラ
ハ,バジャー
ハ,バス
ハ,バスイング
ハ,バスク
ハ,バニー
ハ,バニラ ブランシェ
ハ,バブー
ハ,バボール
ハ,ばら園
ハ,バリアリペア
ハ,バルカン
ハ,バン
ハ,パース
ハ,パーパス
ハ,パームツリー
ハ,パイヨ
ハ,パコ ラバンヌ
ハ,パタカラ
ハ,パダーム
ハ,パックスナチュロン
ハ,パパウォッシュ
ハ,パフィリィ
ハ,パフュームズ デ クール
ハ,パポタニス
ハ,パラドゥ
ハ,パリスヒルトン
ハ,パルガントン
ハ,パルティ
ハ,パルフェタムール
ハ,パルマディーバ
ハ,パルロックス
ハ,パワーアップビュウ
ハ,パンテーン
ハ,パンドラ パッド
バ,バフ
バ,バリエル
パ,パーフェクトワン
ヒ,ヒートジュエル
ヒ,ヒフミド
ヒ,ヒューゴ
ヒ,ヒューゴ ボス
ヒ,ヒュードー
ヒ,ヒロインメイク
ヒ,ヒロコ
ヒ,ビ・アクア
ヒ,ビーアンドエス
ヒ,ビーエスプライム
ヒ,ビーエル ボーテ
ヒ,ビークロス
ヒ,ビーグレン
ヒ,ビーシーエム
ヒ,ビースリー
ヒ,ビーバンジョア
ヒ,ビービーラボラトリーズ
ヒ,ビーファイン
ヒ,ビーロード
ヒ,ビオバドル
ヒ,ビオ・マルシェ
ヒ,ビオレu
ヒ,美活
ヒ,ビクトリアジャクソン
ヒ,ビゲン
ヒ,美潤
ヒ,美禅
ヒ,ビタクリームB12
ヒ,ビタミンショップ
ヒ,美的
ヒ,ビナール
ヒ,ビノキュア
ヒ,ビビコック
ヒ,ビビデコ
ヒ,ビューティーマークス
ヒ,ビューティーミネラル
ヒ,ビューティールモンド
ヒ,ビューティフルスキン
ヒ,ビューナ
ヒ,ピー・エイチ・ケア
ヒ,ピーエーネイルコレクティブ
ヒ,ピーエス
ヒ,ピーク
ヒ,ピーシー
ヒ,ピースーツ
ヒ,ピーディーシー
ヒ,ピーピー リコリノ
ヒ,ピオニウォーク
ヒ,ピクス
ヒ,ピノーレ
ヒ,ピュアスマイル
ヒ,ピュアナチュラル
ヒ,ピュエル
ヒ,ピンククロス
ヒ,ピンクタイフーン
フ,ファースト オーガニクス
フ,ファシー
フ,ファンケル
フ,ファンス
フ,ファビウス
フ,フィアンセ
フ,フィートリート
フ,フィールドベリー
フ,フィエ
フ,フィジオライン
フ,フィジシャンズフォーミュラ
フ,フィッツ
フ,フィトメール
フ,フィナルウェーブ
フ,フーデックス
フ,フェラーリ
フ,フェラガモ
フ,フェリシモ
フ,フォーサイス
フ,フォーセブンイレブン
フ,フォーティーンスキップ
フ,フォーヴー
フ,ふくら
フ,フコライフ
フ,フシ
フ,フューチャーマジック
フ,フラウ
フ,フラコラ
フ,フラワーパワー
フ,フランシラ
フ,フランフラン
フ,フルーツテラピー
フ,フレグランスメモリーズ
フ,フレスカ
フ,フレッシュ
フ,フレッシュ ウェーブ
フ,フローフシ
フ,フローラ
フ,フローリス
フ,フロレナ
フ,ブイシー100
フ,ブーツ
フ,ブラインドデート
フ,ブラジェク
フ,ブランクレエ
フ,ブランシール スペリア
フ,ブリディエ
フ,ブリトニースピアーズ
フ,ブルーブルーエ メランジュ
フ,ブルガスカローザ・カルロボ
フ,ブルガリ
フ,ブレスケア
フ,ブロウラッシュ
フ,ブローネ
フ,プインプル
フ,プゥドゥボナール
フ,プチ
フ,プチペシェ
フ,プチロンド
フ,プラーン
フ,プライベートビューティトウキョウ
フ,プラスエイティーワン
フ,プラスユー
フ,プラスレイ
フ,プラダ
フ,プラナス
フ,プランセスデジャヴ
フ,プラントシステム
フ,プリグリオ
フ,プリベージ
フ,プリマヴィスタ
フ,プリマベーラ
フ,プリメラ
フ,プルンヌリ
フ,プレイバック
フ,プレジャープス
フ,プロシェンヌ
フ,プロスリム
フ,プロヴィダ
プ,プレイリスト
ヘ,ヘアシーズンズ
ヘ,ヘナプラス
ヘ,ヘビーローテーション
ヘ,ヘブンリー ママ パッド
ヘ,ヘブンリームーン
ヘ,ヘルシーワン
ヘ,ヘルスビ
ヘ,ヘレナルビンスタイン
ヘ,ヘンプズ
ヘ,ベア ミネラル
ヘ,ベイビィフェイス
ヘ,ベイビーオーベイビー
ヘ,ベイビーハーツ
ヘ,ベイリス＆ハーディング
ヘ,ベーネ プレミアム
ヘ,ベキュアハニー
ヘ,ベジボーイ
ヘ,ベス
ヘ,ベストハーブ
ヘ,ベッドヘッド
ヘ,ベネフィーク
ヘ,ベビーピンク
ヘ,ベラピエール
ヘ,ベリテ
ヘ,ベリミコラ
ヘ,ベルナール カシエール
ヘ,ベルプラージュ
ヘ,ベルメゾン
ヘ,ベルレーヌ
ヘ,ベルヴィー
ヘ,ベンテシモ
ヘ,ペイトン
ヘ,ペー・ジェー・セー・デー
ヘ,ペシュ
ヘ,ペスカ
ヘ,ペボニア
ヘ,ペリー エリス
ヘ,ペリコンMD
ヘ,ペリペラ
ヘ,ペルルアルファ
ヘ,ペンハリガン
ペ,ペロト
ホ,ホーユー
ホ,ホマレ
ホ,ホメイ
ホ,ホメオバウ
ホ,ホワイティシモ
ホ,ホワイトショット
ホ,ホワイトリリー
ホ,ボクール
ホ,ボタニクス
ホ,ボッセン
ホ,ボディファンタジー
ホ,ボディミント
ホ,ボディメイクタン
ホ,ボディリラックス
ホ,ボトピカル
ホ,ボニー・ボニー
ホ,ボビイ ブラウン
ホ,ボルゲーゼ
ホ,ボンボン
ホ,ポールアンドジョー ボーテ
ホ,ポーデペール
ホ,ポードペシェ
ホ,ポーラ
ホ,ポーラチョイス
ホ,ポーラ ドルフ
ホ,ポール アンド ジョー
ホ,ポールシェリー
ホ,ポールマリエ
ホ,ポシェラ
ホ,ポッシュドール
ホ,ポップティーン
ホ,ポペット
ホ,ポリシー化粧品
ホ,ポルノホスピタル
ホ,ポン
ホ,ポンズ
ホ,ポンパドール
マ,マーク ジェイコブス
マ,マークスアンドウェブ
マ,マークス・アンド・スペンサー
マ,マーサ
マ,マイ・エッセンス
マ,舞妓はん
マ,マキア
マ,マキアージュ
マ,マキアレイベル
マ,マザーフォレスト
マ,マシェリ
マ,マジスレネ
マ,マジックソープ
マ,マジックワンズ
マ,マジョリカ マジョルカ
マ,マスキュア
マ,真珠肌
マ,マダムローズ
マ,マダムロバボーテ
マ,マダラ
マ,MAC
マ,マックスファクター
マ,マックス マーラ
マ,松島正樹
マ,マトゥナ
マ,マナラ
マ,マニグ・オリーズ
マ,マニケア
マ,マニックパニック
マ,マペペ
マ,ママバター
マ,マミュ
マ,マム アンド ミー クリエーションズ
マ,マモンド
マ,マリアス
マ,マリークワント
マ,マリーブラン
マ,マリナ ド ブルボン
マ,マリンデュケランド
マ,マルカナチュラルスキンケア
マ,マルシュール
マ,マヴァラ
ミ,ミオピッコロ
ミ,ミシュリー
ミ,ミス
ミ,緑の森
ミ,みなしょう
ミ,ミニヨン
ミ,ミネラルズ
ミ,ミネラルフラワーズ
ミ,ミノン
ミ,ミューノアージュ
ミ,ミュウ ミュウ
ミ,ミュゼ
ミ,ミュゼル
ミ,ミュラド
ミ,ミラノコレクション
ミ,ミルボン
ム,ムー
ム,ムーサ イオ
ム,ムーンフェイズ
ム,ムコタ
ム,無印良品
ム,ムステラ
ム,ムラサキジャパン
メ,メイクアップフォーエバー
メ,明色
メ,明色化粧品
メ,名糖
メ,メイド オブ オーガニクス
メ,メイベリン ニューヨーク
メ,めぐりズム
メ,メゾン ド リーファー
メ,メタバリア
メ,メディシャル
メ,メディプラス
メ,メディア
メ,メルヴィータ
メ,メンソレータム
メ,メンターム
モ,モア・オーガニック
モ,モイスチャーゲル
モ,モイスティーヌ
モ,モイストケア
モ,モイストムーン
モ,モストリベラル
モ,モッズ・ヘア
モ,モップ
モ,モデルコ
モ,モナン
モ,モルティセニ
モ,モルトベーネ
モ,モルトンブラウン
モ,モンタル
モ,モンダミン
ヤ,ヤーデン
ヤ,ヤーマン
ヤ,ヤクア
ヤ,やずや
ヤ,ヤマダアトマイザー
ヤ,山田養蜂場
ヤ,やまや
ヤ,ヤンキーキャンドル
ユ,ユーグレナ
ユ,ユーシアAC
ユ,ユーモ
ユ,雪花
ユ,ユナイテッド　カラーズ　オブ　ベネトン
ユ,ユニ・チャーム
ユ,ユニバーバルミューズ
ユ,ユニリーバ海外
ユ,ユリアージ
ヨ,美鼻子
ヨ,よーじや
ヨ,よかせっけん
ヨ,美姉妹
ヨ,余仁生
ヨ,輿地ノ香
ヨ,ヨッシュ
ヨ,ヨフィバー
ヨ,ヨルダン
ヨ,ヨンカ
ラ,ライジングウェーブ
ラ,ライスフォース
ラ,ラ ヴィタエ
ラ,ラ・カスタ
ラ,ラクラ
ラ,ラコステ
ラ,ラサーナ
ラ,ラソービ
ラ,ラックス
ラ,ラッシュ
ラ,ラディアンス
ラ,ラ・デヴィーナ
ラ,ラニー
ラ,ラパンセ
ラ,ラフラ
ラ,ラブアンドヘイト
ラ,ラブパスポート
ラ,ラ プラージュ
ラ,ラ・プレシア
ラ,ラ プレリー
ラ,ラボ シリーズ
ラ,ラ・ミューテ
ラ,ラメンテ
ラ,ラルフ ローレン
ラ,ラルム ナチュレル
ラ,ラロッシュポゼ
ラ,ランコム
ラ,ランバン
ラ,ラヴァース
ラ,ラヴェーラ
リ,リア
リ,リアリナ
リ,リアル・ピュリティー
リ,麗雫
リ,リーゼ
リ,リーフアンドボタニクス
リ,リエン
リ,リオッサ
リ,リカエル
リ,リガーレ
リ,リサージ
リ,リジーン
リ,リジェネレイト
リ,リステリン
リ,リズム アンド ブルース パッド
リ,リッチーズ
リ,リッチモイスト
リ,リッツ
リ,リトハピ
リ,リトルバンブー
リ,リトル マーチ
リ,リニィ
リ,リバイタル グラナス
リ,リファ
リ,リフレッシュプラス
リ,リブロン
リ,リボテ
リ,リラ
リ,リラクシング
リ,リリーロロ
リ,リリスドール
リ,リルジュ
リ,リンガーナ
リ,リンサクライ
リ,リンネ
リ,リンメル
リ,凛恋
ル,ルアン
ル,ルアンルアン
ル,ルイール
ル,ルイ ヴィトン
ル,ルイ フェロー
ル,ルージーン
ル,ルーツー
ル,ルーナ
ル,ル・キアラ
ル,ルクレール
ル,ルシード
ル,ルシードエル
ル,ルチアーノ ソプラーニ
ル,ルナソル
ル,ルナパッド
ル,ルネ フルトレール
ル,ルフラボーン
ル,ルベル
ル,るんるん美肌
レ,レアナチｭｰル
レ,レイ
レ,レイシメッド
レ,レガロ
レ,レジー
レ,レディバグ
レ,レブロン
レ,レメディカ
ロ,ロージーローザ
ロ,ローズシルク
ロ,ローズブライト
ロ,ローソン
ロ,ロート製薬
ロ,ローラ メルシエ
ロ,ロクシタン
ロ,ロゲイン
ロ,ロゴナ
ロ,ロジェ・ガレ
ロ,ロゼット
ロ,ロック
ロ,ロット
ロ,ロハシー
ロ,ロマンチックドロップス
ロ,ロラック
ロ,ロリータ レンピカ
ロ,ロリスアザロ
ロ,ロレアル
ロ,ロレアル パリ
ロ,ロレアル プロフェッショナル
ロ,ロレッタ
ワ,ワトゥサ
ワ,ワトソン
ワ,ワンセカンド
ワ,ワンダーガール
ワ,ワンデイタトゥー
1,15ミニッツビューズ
5,50の恵