ア,アウディ
ア,アウトビアンキ
ア,アストンマーティン
ア,アドリア
ア,アバルト
ア,アバンティ
ア,アパル
ア,アリエル
ア,アルテガ
ア,アルピーヌ
ア,アルファロメオ
イ,イエス
イ,イノチェンティ
イ,イーグル
ウ,ウィネベーゴ
ウ,ウーズレイ
ウ,ウエストフィールド
ウ,ヴェンチュリー
エ,AMG
エ,AMC
エ,MG
エ,MVS
エ,メルセデス・ベンツ AMG
オ,オースチン
オ,オペル
オ,オールズモビル
カ,カーボディーズ
カ,カールソン
キ,起亜
キ,キャデラック
ク,クライスラー
ク,クライスラー・ジープ
ク,グンペルト
ケ,ＫＴＭ
ケ,ケーターハム
ケ,ケーニッグゼグ
サ,サーブ
サ,サターン
サ,サリーン
サ,サンヨン
シ,ＣＴ＆Ｔ
シ,シトロエン
シ,シボレー
シ,シュコダ
シ,GMデーウ
シ,GMC
シ,GMマティス
シ,ジープ
シ,ジオ
シ,ジネッタ
シ,ジャガー
ス,スカニア
ス,スタークラフト
ス,スパイカー
ス,スマート
セ,セアト
タ,タタ
タ,タルボ
タ,ダチア
タ,ダッジ
タ,大宇
テ,TD
テ,TVR
テ,ティヨール
テ,テスラ
テ,DMC
テ,デイムラー
テ,デトマソ
ト,トライアンフ
ト,ドンカーブート
ハ,ハマー
ハ,バーキン
ハ,バンデンプラ
ハ,バーストナー
ハ,パガーニ
ハ,パンサー
ヒ,ヒーレー
ヒ,ヒュンダイ
ヒ,BL
ヒ,ビュイック
ヒ,ビー・エム・ダブリュー
ヒ,ＰＧＯ
フ,フィアット
フ,フィスカー
フ,フェラーリ
フ,フォード
フ,フォルクスワーゲン
フ,ブガッティ
フ,ブラバス
フ,プジョー
フ,プリムス
フ,プロトン
ヘ,ベクター
ヘ,ベルトーネ
ヘ,ベントレー
ホ,ホールデン
ホ,ボクスホール
ホ,ボルボ
ホ,ポルシェ
ホ,ポンテアック
ホ,ポールスター
マ,マーコス
マ,マイバッハ
マ,マクラーレン
マ,マセラティ
マ,マーキュリー
ミ,ミニ
ム,ムーンアイズ
メ,メルセデス・ベンツ
メ,メルセデス・ベンツ マイバッハ
モ,モーガン
モ,モーク
モ,モーリス
ユ,UDトラックス
ヨ,ヨーロッパフォード
ラ,ラーダ
ラ,ライレー
ラ,ラディカル
ラ,ランチア
ラ,ランドローバー
ラ,ランボルギーニ
リ,リライアント
リ,リンカーン
ル,ルノー
ル,ルーフ
ロ,ロールスロイス
ロ,ロータス
ロ,ロードトレック
ロ,ローバー
ワ,ワズ