ア,アーリッカ
ア,アイブイブイ
ア,アイムプロダクト
ア,アイリーン グレーン
ア,アクタス
ア,アニエスベー
ア,アボード
ア,アラミス
ア,アルフレックス
ア,アレッシィ
ア,アンドラ
イ,イーセン アーレン
イ,イーハイフン
イ,イイホシユミコ
イ,イームズ
イ,イヴ サン ローラン
イ,イケア
イ,イサムノグチ
イ,イデー
イ,イドゥン
イ,イル ベローチェ
イ,イル ロフト
ウ,ヴィトラ
ウ,ウェグナー
ウ,ウェッジウッド
ウ,ヴェルナー パントン
ウ,ウルタド
エ,エスプリセレブ
エ,エドラ
エ,エルエルビーン
エ,エルポ
エ,エルメス
エ,エンザー
オ,オーセンティクス
カ,カーザモンド
カ,カールハンセン＆サン
カ,カサノヴァ
カ,カッシーナ イクスシー
カ,桂 由美
カ,カリモク家具
カ,カルテル
キ,キナップス
キ,キングスダウン
ク,クアトロ マリアーニ
ク,クビスト
ク,グッチ
ケ,ケベ
ゲ,源右衛門
コ,コーチ
コ,コストコ
コ,コンランショップ
サ,サンライン
シ,シビラ
シ,シモンズ
シ,シャトー ダックス
シ,ジャイブ クラブ
シ,ジャンニ ヴェルサーチ
シ,ジョージ ネルソン
シ,ジョルジュ レッシュ
シ,ジロフレックス
ス,スイマー
ス,スーパードゥピア
ス,スクロール
ス,スターバックス
ス,スタディオクリップ
ス,スチルケース
ス,スランバーランド
タ,ダルトン
ダ,ダブルティー
チ,チェックアンドストライプ
ツ,ツェーンレ
テ,天童木工
テ,テンピュール
テ,デセデ
テ,デュレスタ
デ,ディーン＆デルーカ
ト,トーキョー カルチャート バイ ビームス
ト,トリアンゴロ
ト,ドライプンクト
ナ,中川政七商店
ニ,西川リビング
ニ,ニッセン
ネ,ネフ
ノ,ノール
ノ,ノルディコ コレ
ハ,ハーマンミラー
ハ,ハイロ
ハ,バーバリー
ハ,バロッサ バレンティ
ハ,バング＆オルフセン
バ,バースデーバッシュ
パ,パイロット
ヒ,ヒッコリー チェア
ヒ,ヒュンメル
ヒ,広松木工
ヒ,ビッグ ジョン
フ,フィオーレ
フ,フェニカ
フ,フェリシモ
フ,フォルメンティ
フ,深川製磁
フ,フュージョンデザインスタジオ
フ,フランスベッド
フ,フランフラン
フ,フリーイング
フ,フリッツハンセン
フ,フレデリシア
フ,フレンステッド モビールス
フ,撫松庵
フ,ブルー
フ,ブルー カジュアル
フ,ブロス
フ,プラザ
ヘ,ベーカー
ヘ,ベルーナ
ヘ,ベルメゾン
ヘ,ペサロ
マ,マークスアンドウェブ
マ,マタノアツコ
マ,マリメッコ
マ,マルニ
ム,無印良品
メ,メゾン ド リーファー
メ,メディコムトイ ライフエンターテイメント
モ,モディ
ヤ,ヤコブセン
ヤ,柳宗理
ユ,ユニバーサルスタジオジャパン
ヨ,ヨーゼフホフマン
ラ,ラパルマ
ラ,ランドスケーププロダクツ
リ,リアルフリートモデル
リ,リサラーソン
ル,ル コルビュジエ
ル,ルナ モンド
ル,ルル ギネス
レ,レストール ブラウン&クレンネル
ロ,ローラアシュレイ
ロ,ロッシ ディ アルビザーテ
ロ,ロナルド シュミット
ロ,ロルフベンツ
ロ,ロレンツォ ルベリ