ア,アーノルド パーマー タイムレス
ア,アールエフ
ア,アイアムアイ
ア,アイクポッド
ア,アイザック バレンチノ
ア,アイ ダブリュ シー
ア,アヴィレックス
ア,アウトレイジ
ア,アクアノウティック
ア,アクセント
ア,アクテオ
ア,アディダス
ア,アディダス タイミング
ア,アトリエ サブ
ア,アドミラル
ア,アニエスベー
ア,アマベル
ア,アラン シルベスタイン
ア,アルタヌス
ア,アルチビオ
ア,アルフェックス
ア,アレッサンドラ オーラ
ア,アレッシィ
ア,アン クラーク
ア,アン クライン
イ,イヴ サン ローラン
イ,イノセントワールド
イ,イプサ
イ,インディペンデント
イ,インディペンデント ガール
ウ,ヴァシュロン コンスタンタン
ウ,ヴァベーネ
ウ,ヴァレンティノ
ウ,ヴァンクリーフ＆アーペル
ウ,ウィービーアーツ
ウ,ヴィヴィアン ウエストウッド
ウ,ヴィジー
ウ,ウィッカ
ウ,ヴェール ダンス
ウ,ウェンガー
ウ,ヴェントゥーラ
ウ,ウエストウッドアウトフィッターズ
ウ,ウォッチ ピープル
ウ,ウォルサム
ウ,ウブロ
ウ,ヴァシュロンコンスタンタン
エ,エクストララージ
エ,エテ
エ,エテルナ
エ,エディフィス
エ,エニィファム
エ,エフティーシー
エ,エベラール
エ,エベル
エ,エベルモーション
エ,エボニーアイボリー
エ,エポス
エ,エムシーエム
エ,エルエスディー
エ,エルジン
エ,エルメス
エ,エンジェルクローバー
エ,エンジェル ハート
エ,エンポリオ アルマーニ
エ,エンリコ コベリ
オ,オイリリー
オ,オーガスト レイモンド
オ,オーシャン パシフィック
オ,オーディマ ピゲ
オ,オールドベティーズ
オ,オシアナス
オ,オフィチーネ パネライ
オ,オペーク
オ,オメガ
オ,オリエンタルトラフィック
オ,オリエント
オ,オリス
オ,オロビアンコ タイムオラ
カ,カシオ
カ,カステルバジャック
カ,カバン ド ズッカ
カ,カルティエ
カ,カルバン クライン
カ,ガガミラノ
カ,ガリャルダガランテ
キ,キー
キ,キットソン
キ,キャサリン ハムネット
キ,キューティーブロンド
キ,キューポット
キ,ギャップ
ク,クライミー
ク,クリスチャン ディオール
ク,クレージュ
ク,クレドール
ク,クローズアップ
ク,クロスシー
ク,クロノスイス
ク,グッチ
ク,グラスヒュッテ オリジナル
ク,グラハム
ク,グラマシー
ク,グランマママドーター
ク,グリーン レーベル リラクシング
ク,グリシン
ク,グリモルディ
ケ,ケンゾー
ケ,ゲス
コ,コーチ
コ,コグ
コ,コラージュ
コ,コルム
コ,コンクエスト
コ,コンコード
サ,サーカー
サ,サード
サ,サミールナスリ
サ,サルバトーレマーラ
サ,サロモン
サ,サンサーフ
サ,サンヨー
サ,サンリオ
サ,ザ ファニー カンパニー
シ,シーレーン
シ,シーン
シ,シチズン
シ,シトラスノーツ
シ,シャネル
シ,シャリオール
シ,シャルル ジョルダン
シ,シューラルー
シ,ショーメ
シ,ショパール
シ,シンダビー
シ,シンディー
シ,ジーエスエックス ウォッチ ジャパン
シ,ジーショック
シ,ジェイクルー
シ,ジェイロー
シ,ジェラルド ジェンタ
シ,ジッポー
シ,ジバンシー
シ,ジャイロ
シ,ジャガールクルト
シ,ジャンセン
シ,ジャンニ ヴェルサーチ
シ,ジャン ポール ゴルチエ
シ,ジュエルチェンジズ
シ,自由区
シ,ジョリー
シ,ジョルジオ アルマーニ
シ,ジョルジュ レッシュ
シ,ジョン ハリソン
シ,ジラールペルゴ
シ,ジル スチュアート
シ,ジン
ス,スイスミリタリー
ス,スウォッチ
ス,スカーゲン
ス,スキャパ
ス,スクイーズ
ス,スコットクラブ
ス,スタンダードカリフォルニア
ス,ステューシー
ス,ストラ
ス,スナオクワハラ
ス,スピード
ス,スポルディング
ス,スワロフスキー
ス,スント
セ,セイコー
セ,セオリー
セ,セクター
セ,セリーヌ
セ,ゼニス
セ,ゼノ
ソ,ソニア リキエル
ソ,ゾディアック
タ,タイムフォース
タ,タイメックス
タ,タウン＆カントリー
タ,タグ ホイヤー
タ,タケオ キクチ
タ,タバー
タ,ダービー＆シャルデンブラン
タ,ダコタ
タ,ダチュラ
タ,ダックス
タ,ダナ キャラン ニューヨーク
タ,ダニエル ロート
タ,ダブルアールエル
タ,ダンヒル
チ,チェイス デュラー
チ,チェルッティ
チ,チトニ
チ,チュードル
チ,チュチマ
テ,ティーオー
テ,ティソ
テ,ティティベイト
テ,ティファニー
テ,ディーケーエヌワイ
テ,ディースクエアード
テ,ディーゼル
テ,ディオール
テ,デンハム
ト,トーガ
ト,トッコ クローゼット
ト,トミー バハマ
ト,トミー  ヒルフィガー
ト,トランスコンチネンツ
ト,トリッカーズ
ト,ドゥニーム
ナ,ナイキ
ナ,ナイト
ナ,ナチュラル ビューティー
ニ,ニクソン
ニ,ニトカ
ニ,ニナ リッチ
ヌ,ヌーカ
ヌ,ヌーン
ノ,ノエラ
ノ,ノートエシロンス
ノ,ノミネ
ハ,ハイクラス
ハ,ハッシュアッシュ
ハ,ハニーシナモン
ハ,ハニーミーハニー
ハ,ハミルトン
ハ,ハリー ウインストン
ハ,バーバリー
ハ,バガリー
ハ,バッチ&アブラッチ
ハ,バブルス
ハ,バリゴ
ハ,パーソンズ
ハ,パウダーシュガー
ハ,パコ ラバンヌ
ハ,パテック フイリップ
ハ,パネライ
ハ,パルサー
ハ,パルミジャーニ フルリエ
ヒ,ヒューゴ ボス
ヒ,ビーカンパニー
ヒ,ビーバレル
ヒ,ビクトリノックス
ヒ,ビバユー
ヒ,ビュルデサボン
ヒ,ピアジェ
ヒ,ピースナウ
ヒ,ピエール カルダン
ヒ,ピンキー アンド ダイアン
ヒ,ピンキー ウォルマン
ヒ,ピンクミックス
フ,ファセッタズム
フ,ファビュラス アンジェラ
フ,ファルチ
フ,フィラ
フ,フーズフーチコ
フ,フェイラー
フ,フェンディ
フ,フォッシル
フ,フォリ フォリ
フ,フォルティス
フ,フランク ミュラー
フ,フランフラン
フ,フリースタイル
フ,フリーズマート
フ,フルボ
フ,フレイ アイディー
フ,フレデリックコンスタント
フ,フレンチキティ
フ,ブライジー
フ,ブライトリング
フ,ブランパン
フ,ブルーブルーエ メランジュ
フ,ブルーローグ
フ,ブルガリ
フ,ブルッキアーナ
フ,ブルックス
フ,ブルックスブラザーズ
フ,ブルマリン
フ,ブレゲ
フ,ブレラオロロジ
フ,プーマ
フ,プライベートレーベル
フ,プラダ
フ,プロトレック
ヘ,ヘルシーカレン
ヘ,ヘルムートラング
ヘ,ベーセーストック
ヘ,ベダ＆カンパニー
ヘ,ベル＆ロス
ヘ,ベルメゾン
ヘ,ベンチュラ
ヘ,ベンラス
ヘ,ペキネ
ホ,ホワイトマウンテニアリング
ホ,ボヴェ
ホ,ボーノ
ホ,ボーム&メルシー
ホ,ボール
ホ,ボスタ
ホ,ボンボンウォッチ
ホ,ボンメルスリー
ホ,ポール スミス
ホ,ポラール
ホ,ポリス
ホ,ポルシェ デザイン
マ,マーガレット ハウエル
マ,マーク ジェイコブス
マ,マーモット
マ,マイケル コース
マ,マウンテンイクイップメント
マ,マリオ バレンチノ
マ,マルティニーク
ミ,ミキモト
ミ,ミズノ
ミ,ミッシェルクラン
ミ,ミューレ
ミ,ミラ　ショーン
ミ,ミリー
ム,無印良品
ム,ムスク
メ,メゾン ド リーファー
メ,メレリオ ディ メレー
モ,モーリスラクロア
モ,モバード
モ,モルガンオム
モ,モンディーン
モ,モンブラン
ユ,ユ一バイウンガロ
ユ,ユキコキミジマ
ユ,ユナイテッド　カラーズ　オブ　ベネトン
ユ,ユニバーサル ジュネーブ
ユ,ユリスナルダン
ユ,ユンハンス
ヨ,ヨーガン レール
ヨ,ヨーロピアン・カンパニー・ウォッチ
ラ,ラウンジドレス
ラ,ラクス
ラ,ラコ
ラ,ラコステ
ラ,ラドー
ラ,ラバーラ
ラ,ラルフ ローレン
ラ,ランカスター
ラ,ランゲ&ゾーネ
ラ,ランバン
リ,リップ
リ,リバーアイランド
リ,リモワ
リ,リュシアン ペラフィネ
ル,ルイ ヴィトン
ル,ルイエラール
ル,ルーニィ
ル,ルキア
ル,ルコック スポルティフ
ル,ルシアンペラフィネ
ル,ルミノックス
ル,ルル ギネス
レ,レイジースーザン
レ,レイモンド ウィル
レ,レコパン
レ,レスポート サック
レ,レノマ
レ,レビュー トーメン
レ,レムレム
レ,レリアン
ロ,ロアー
ロ,ロイヤルクラフト
ロ,ロエベ
ロ,ローズティアラ
ロ,ロータリー
ロ,ロジェ デュブイ
ロ,ロックマン
ロ,ロベルタスカルパ
ロ,ロレックス
ロ,ロンジン
ワ,ワイアード
ワ,ワイアード エフ
ワ,ワイズ＆オープ
3,スリーワン フィリップ リム
6,シックスティエイトアンドブラザーズ