ア,アー ヴェ ヴェ
ア,アースエンジェル
ア,アースマジック
ア,アーノルド パーマー タイムレス
ア,アイシッケライ
ア,愛情設計
ア,アヴァランチ
ア,アヴィレックス
ア,赤ちゃんの城
ア,アカチャンホンポ
ア,アグ オーストラリア
ア,アコバ
ア,アシックス
ア,アスレタ
ア,アズールバイマウジー
ア,アダムス
ア,あちゃちゅむ←→ムチャチャ
ア,アップリカ
ア,アテーザ
ア,アディダス
ア,アナップキッズ
ア,アニエスベー
ア,アバクロンビー&フィッチ
ア,アブゾーバ
ア,アメリカン アパレル
ア,アルシメード
ア,アルファ キュービック
ア,アルファベット
ア,アルプクラブ
ア,アルベッタ
ア,アンカル
ア,アンクリス
ア,アンクレール プティ
ア,アンジェリックジーニアス
ア,アンスリード
ア,アンドワン
ア,アンナニコラ
ア,アンナ ペーターマン
ア,アンパサンド
ア,アンビトイズ
ア,アンビル
ア,アンプ
イ,イヴ サン ローラン
イ,イケア
イ,イ ゴルフィーニ デラ ノンナ
イ,イタルトライク
イ,イフミー
イ,イプサ
イ,イル グッフォ
イ,イングファースト
イ,インデックス
ウ,ヴァイスヴァーサ
ウ,ヴァレンリ
ウ,ヴィアサザビー
ウ,ヴィス
ウ,ヴィラック
ウ,ウィルメリー
ウ,ウィンターウォーターファクトリー
ウ,ウイウイ
ウ,ウーヴィーベビー
ウ,ウナルース
エ,エア バギー
エ,エイソス
エ,エイチ アンド エム
エ,エイデンアンドアネイ
エ,エーアーベー
エ,エーキャンプ
エ,エーグル
エ,エコー
エ,エコレッテ
エ,エスプリ
エ,エックスオーエックスオー
エ,エックスガール
エ,エニィファム
エ,エフオーキッズ
エ,エブロボ
エ,エル
エ,エルエルビーン
エ,エルゴベビー
エ,エルツィ
エ,エルフィンドール
エ,エルメス
エ,エレンディーク
エ,エンジェルブルー
オ,オイオイ
オ,オイリリー
オ,オイル
オ,オーシャン パシフィック
オ,オート スタッフ
オ,オールド  ネイビー
オ,御洒落本舗
オ,オシュコシュ
オ,オシュコシュ ビゴッシュ
オ,オジコ
オ,オノレ
オ,オフィシャルチーム
オ,オリーブデオリーブ ドール
オ,オリエンタルトラフィック
カ,カーターズ
カ,カーハート
カ,カオス
カ,カステルバジャック
カ,カチェテ
カ,カティミニ
カ,カムクワット
カ,カルディア
カ,カレッジ キッズ
カ,カレンソロジー
カ,カンタループ
カ,カンブラス
カ,ガスバッグ
キ,キーカ
キ,キーナー
キ,キッコ
キ,キッズズー
キ,キッズフォーレ
キ,キッドコスミック
キ,キムラタン
キ,キャサリンコテージ
キ,キャプテンサンタ
キ,キャラクター
キ,キャラメル
キ,キャラメルベイビー＆チャイルド
キ,キャンディリボン
キ,キュール
キ,ギャップ
キ,ギャップキッズ
キ,ギャルソン ゾラ
ク,クイニー
ク,クインシー
ク,クーシーズ
ク,クーラクール
ク,クキート
ク,クチクー
ク,クミキョク
ク,クライユ
ク,クラウドビー
ク,クラウンバンビ
ク,クラフトホリック
ク,クリスチャン ディオール
ク,クリフ　メイヤー
ク,クレードスコープ
ク,クレセント ダウン ワークス
ク,クローズアップ
ク,クロクロ
ク,クロックス
ク,グーギー
ク,グーシーギャンダー
ク,グッチ
ク,グラグラ
ク,グラマジャマ
ク,グラミチ
ク,グランマ
ク,グリーン レーベル リラクシング
ク,グリュックスケーファー
ク,グルービーカラーズ
ク,グレヴィ
ク,グローバルアフェア
ク,グローバル ワーク
ケ,ケイト スペード
ケ,ケーエルシー
ケ,ケーキウォーク
ケ,ケービーエフ
ケ,ケーピー
ケ,ケテクルーゼ
ケ,ケロ
ケ,ケンゾー
ケ,ゲス
コ,コアラベビー
コ,コクーン
コ,ココリ
コ,コトリカ
コ,こども ビームス
コ,コムコムパワー
コ,コムサ イズム
コ,コムサ デ モード
コ,コレジャン
コ,コントルヴォンゼマレー
コ,コンバース
コ,コンビ
コ,コンビミニ
コ,コンベックス
コ,ゴーゴーマニア！！
コ,ゴートゥーハリウッド
コ,ゴッサム
サ,サカイ
サ,サニーランドスケープ
サ,サラサラ
サ,サラ ロタ ロリア
サ,サリー
サ,サンサーフ
サ,サンリオ
サ,ザジーザップス
サ,ザ ノースフェイス
サ,ザラ
サ,ザラベイビー
シ,シアンシアン
シ,シェル モン シュクレ
シ,シシュノン
シ,シップス
シ,シビ
シ,しまむら
シ,シャーリーテンプル
シ,シャネル
シ,シャラビア
シ,シャン ド クルール
シ,シューラルー
シ,シュール
シ,シュタイフ
シ,ショコラ
シ,シンプリープリティー
シ,ジーユー
シ,ジーンズベー
シ,ジェープレス
シ,ジェコ
シ,ジェニィ
シ,ジェニー
シ,ジェネラルスウィッチ
シ,ジェネレーター
シ,ジェモー
シ,ジェラート・ピケ
シ,ジェン ジェン
シ,ジディ
シ,ジムフレックス
シ,ジャム
シ,ジャンクストアー
シ,ジャンク フード
シ,ジャンニ ヴェルサーチ
シ,ジュディス ラクロワ
シ,ジョージア ラブ
シ,ジョルジオ アルマーニ
シ,ジンボリー
ジ,ジルスチュアートニューヨーク
ス,スウィートポテト
ス,スージー ズー
ス,スーパーブーホームズ
ス,スーパーベビー
ス,スーリー
ス,スキップランド
ス,スクーン
ス,スケラガミンク スカイ ブルー ピンク
ス,スタジオミニ
ス,スタディオクリップ
ス,スタニングルアー
ス,スタンプル
ス,ステューシー
ス,ストアーズ
ス,スナイデルガール
ス,スナオクワハラ
ス,スナグアズアバグ
ス,スヌージー
ス,スパイガール
ス,スパナ
ス,スモールワールドトイ
ス,スリー ドッツ
ス,スリック
ス,スルフィ
ス,ズーム
ス,ズタノ
セ,セカ
セ,セサミクラブ
セ,セラフ
セ,セリーヌ
セ,セレク
セ,セレクタ
セ,センスオブワンダー
セ,ゼンガー
ソ,ソゾ
ソ,ソットコベルタ
ソ,ソフィ＆リリ
タ,ターカーミニ
タ,タイニィ タイト
タ,タイニーラブ
タ,タカラトミー
タ,タフトイズ
タ,タペット
タ,ダット
タ,ダディオ ダディ
タ,ダナ キャラン ニューヨーク
タ,ダブルアールエル
タ,ダブルビー
チ,チッカチッカブーンブーン
チ,チッチーノ
チ,チップトリップ
チ,チャビーギャング
チ,チャンティック
チ,チャンピオン
テ,ティーコレクション
テ,ティキッティブー
テ,ティナ ニューマン
テ,ティファニー
テ,ティモニエール
テ,ティンカーベル
テ,テーセーエフ
テ,テクテクウォーク
テ,ディーアンドジージュニア
テ,ディーゼル
テ,ディーパム
テ,ディズニー
テ,ディッタニーベイビー
テ,ディフラックス
テ,ディンキースーベニール
テ,デイジーラヴァーズ
テ,デシグアル
テ,デトア
テ,デニム&ダンガリー
テ,デュ ソレイユ
デ,ディアブルベーゼ
デ,ディアマイラブ
ト,トゥット ピッコロ
ト,トゥフス
ト,トゥララ
ト,トビー・ピムリコ
ト,トミー  ヒルフィガー
ト,トラセリア
ト,トランペット
ト,トリーバーチ
ト,トルディ
ト,ドクタールーキー
ト,ドッグ デプト
ト,ドラッグス
ト,ドラッグストアーズ
ト,ドリームベビーズ
ト,ドレ ドレ
ト,ドンキージョシー
ナ,ナーチャード バイ ネイチャー
ナ,ナイキ
ナ,中野 裕通
ナ,ナチュラプラ
ナ,ナチュラルブー
ナ,ナチュリーノ
ナ,ナルミヤ インターナショナル
ニ,ニードルワークスーン
ニ,ニコフラート
ニ,ニコル
ニ,西松屋
ニ,ニットプランナー
ニ,ニネッタ
ニ,ニューバランス
ニ,ニューリーミー
ヌ,ヌーキーズ
ヌ,ヌービー
ヌ,ヌフリュンヌ
ネ,ネイヴィ
ネ,ネクスト
ネ,ネフ
ノ,ノエラ
ノ,ノーアディッドシュガー
ノ,ノーティカ
ノ,ノッピーズ
ノ,ノミネ
ノ,ノワリ
ハ,ハートストリングス
ハ,ハーマン
ハ,ハイキング
ハ,ハイメス
ハ,ハッカ
ハ,ハッカキッズ
ハ,ハッシュアッシュ
ハ,ハニーミーハニー
ハ,ハバ
ハ,ハラバルー
ハ,バーバリー
ハ,バービー
ハ,バックアレイ
ハ,バツ
ハ,バナナチップス
ハ,バナバナ
ハ,バニーズバイザベイ
ハ,バニラチップス
ハ,バハ
ハ,バラタン
ハ,バランゴ
ハ,バル
ハ,バンクキッズ
ハ,バンクバービー
ハ,バンズ
ハ,パーソンズ
ハ,パーティーチケット
ハ,パーティパーティ
ハ,パーフェクトポーション
ハ,パープル アンド イエロー
ハ,パイナップル キッス
ハ,パタゴニア
ハ,パタシュー
ハ,パトリック
ハ,パプ
ハ,パンプルムース
パ,パティエラ
ヒ,ヒステリックミニ
ヒ,ビアンヴニュー スール テール
ヒ,ビーカルシューズ
ヒ,ビーツ
ヒ,ビー ブイ ディー
ヒ,ビーミング ライフストア バイ ビームス
ヒ,ビケット
ヒ,ビケットクラブ
ヒ,ビジュー&ビー
ヒ,ビスウィッシュ
ヒ,ビタミンズ
ヒ,ビッグ ジョン
ヒ,ビッツ
ヒ,ビルケンシュトック
ヒ,ピエトロ ブルネッリ
ヒ,ピジョン
ヒ,ピッコロ
ヒ,ピリカレア
ヒ,ピンクハウス
ビ,ビジュリィ
フ,ファーストドレス
フ,ファイブフォックス
フ,ファミリア
フ,ファルスカ
フ,フアクプ
フ,フィクソーニ
フ,フィス
フ,フィフィ
フ,フィラ
フ,フィルアンドテッズ
フ,フィンガーインザノーズ
フ,フィッシャープライス
フ,フーセンウサギ
フ,フェフェ
フ,フェリシモ
フ,フェンディ
フ,フォーティーワン
フ,フタフタ
フ,フブ
フ,フラジール
フ,フレイク
フ,ブーシューズ
フ,ブーフーウー
フ,ブーホームズ
フ,ブーミールーミー
フ,ブッチ
フ,ブラブラ
フ,ブランシェス
フ,ブリーズ
フ,ブリックブラッカ
フ,ブリュイアン
フ,ブリングガールズ
フ,ブルーオリゾン
フ,ブルークロス
フ,ブルーマーケット
フ,ブルーム ラブ
フ,ブルックスブラザーズ
フ,ブルマリン
フ,ブロック
フ,プーマ
フ,プチジャム
フ,プチジュンコ
フ,プチバトー
フ,プチフォンヌ
フ,プチブラマウリー
フ,プチボヌール
フ,プットイットオン
フ,プティマイン
フ,プライベートレーベル
フ,プラダ
フ,プラネット イー
フ,プラントイズ
フ,プレス
フ,プレマックス
フ,プレママン
ヘ,ヘインズ
ヘ,ヘリアンタス
ヘ,ベアフットドリーム
ヘ,ベアリーベーシック
ヘ,ベイビーグラツィエラ
ヘ,ベイビー シー ズィー
ヘ,ベイビーチアー
ヘ,ベイビーボーブルズ
ヘ,ベイビー！
ヘ,ベッタ
ヘ,ベネトン
ヘ,ベビーギャップ
ヘ,ベビーグース
ヘ,ベビージョガー
ヘ,ベビーステップ
ヘ,ベビーズオウン
ヘ,ベビーディオール
ヘ,ベビードール
ヘ,ベビーネイ
ヘ,ベビービョルン
ヘ,ベビールル
ヘ,ベビーレッグス
ヘ,ベベ
ヘ,ベベオレ
ヘ,ベベノイユ
ヘ,べべ ボヌール
ヘ,ベルデ＆メーラ
ヘ,ベルメゾン
ヘ,ペアヘッド
ヘ,ペーパーウィングス
ホ,ホイップクリーム
ホ,ホーカスポーカス
ホ,ホットトイズ
ホ,ホットビスケッツ
ホ,ボイキド
ホ,ボーギーズ
ホ,ボディーグローブ
ホ,ボボリ
ホ,ボルコム
ホ,ボンポワン
ホ,ポーリナ
ホ,ポニーゴーラウンド
ホ,ポムダピ
ホ,ポンポネット
ボ,ボーネルンド
マ,マーキーズ
マ,マーク バイ マーク ジェイコブス
マ,マーモット
マ,マールマール
マ,マーレマーレ
マ,マイファーストヒステリック
マ,マキシコシ
マ,マザーガーデン
マ,マザウェイズ
マ,マジル
マ,マダムモー
マ,マック ザ ヤック
マ,マックスガール
マ,マックレガー
マ,マッドハット
マ,マッドパイ
マ,マビッシュ
マ,マリーナ
マ,馬里邑　
マ,マルーク
マ,マルセリーノ
マ,マンスター
ミ,ミアメール
ミ,ミアリーメール
ミ,ミィパーセント
ミ,ミーインマインド
ミ,ミートゥー
ミ,ミキハウス
ミ,ミシャルル
ミ,ミッシェルクラン
ミ,ミニケー
ミ,ミニシャツ
ミ,ミニマリア
ミ,ミネトンカ
ミ,ミブ
ミ,ミラーグッドマン
ミ,ミリビー
ミ,ミルデベリー
ミ,ミル・フェルム
ミ,ミルモコデモコ
ム,ムーシュトレイナー
ム,ムージョンジョン
ム,無印良品
ム,ムチャチャ
メ,メイドインアース
メ,メゾピアノ
メ,メリア ビームス
モ,モーハウス
モ,モーリー
モ,モデュイット
モ,モナリザ
モ,モンクレール
モ,モンシュシュ
ヤ,ヤミー
ユ,ユ一バイウンガロ
ユ,ユッピー！
ユ,ユナイテッド　カラーズ　オブ　ベネトン
ユ,ユニカ
ユ,ユニクロ
ユ,夢展望
ヨ,ヨットム
ヨ,ヨレーン
ラ,ラーゴム
ラ,ラヴァーズハウス
ラ,ラウワ ビアジョッティ ドールズ
ラ,ラグマート
ラ,ラコステ
ラ,ラコレ
ラ,ラ シェーズ ロング
ラ,ラジオフライヤー
ラ,ラスタマニス
ラ,ラスティックファクトリー
ラ,ラッキーリルデビル
ラ,ラッドカスタム
ラ,ラビットムーン
ラ,ラフ＆チープ
ラ,ラブアンドピースアンドマネー
ラ,ラブエンジェル
ラ,ラブトキシック
ラ,ラブラドールリトリーバー
ラ,ラブレボリューション
ラ,ララボイル
ラ,ラルフ ローレン
ラ,ラ ローブ ブルー
ラ,ラングラー
ラ,ランジェロ
ラ,ランドリー
リ,リアルビーボイス
リ,リー
リ,リーバイス
リ,リーボック
リ,リダ
リ,リッチェル
リ,リトルアンデルセン
リ,リトルエスティーbyエスティクローゼット
リ,リトルジラフ
リ,リトルベアークラブ
リ,リトルミー
リ,リノリノ
リ,リハイ
リ,リバーアイランド
リ,リプレイ＆サンズ
リ,リベル
リ,リペイザン
リ,リモワ
リ,リリ ゴーフレット
リ,リリニルス
リ,リンジィ
ル,ルトップ
レ,レイアリス
レ,レーベルレーベル
レ,レーマー
レ,レコパン
レ,レゴ
レ,レッカーズ
レ,レディースニューヨーカー
レ,レディーメイド
レ,レペット
レ,レモン
ロ,ロイヤルクラフト
ロ,ロエベ
ロ,ローズティアラ
ロ,ローム
ロ,ローラアシュレイ
ロ,ロカ ウェア
ロ,ロックユアベビー
ロ,ロニ
ロ,ロビーズ
ワ,ワーラーズ
ワ,ワオ
ワ,和光堂
ワ,ワコール
ワ,ワスク
ワ,ワッフリッシュワッフル
ワ,ワムワム
3,3カン4オン