ア,アーネスト
ア,アイアンウッド
ア,アイトー
ア,アイリスオーヤマ
ア,アオヤギコーポレーション
ア,アストニッシュ
ア,アスベル
ア,アデリア
ア,アビテラックス
ア,アピルコ
ア,アラビア
ア,アラビア(アンティーク)＠
ア,有田HOUEN
ア,有田焼
ア,アルク
ア,アルクール
ア,アルコロック
ア,アルファックス・コイズミ
ア,アレッシィ
イ,EBM
イ,イケア
イ,イシガキ産業
イ,石塚硝子
イ,イズミ
イ,イッソエッコ
イ,イッタラ
イ,イノックス
イ,イワタニ
イ,岩鋳
ウ,ヴィーニャ
ウ,ウィストフ
ウ,ヴィノ グランデ
ウ,ヴィノ ノビレ
ウ,ウィリアム モリス
ウ,ウィルセラム
ウ,wilfa
ウ,WMF
ウ,ウェッジウッド
ウ,ウェッジウッド(アンティーク)＠
ウ,ヴェルシア
ウ,ヴェルダン
ウ,ウェンガー
ウ,宇野千代
ウ,ウルシヤマ金属
エ,エインズレイ
エ,エインズレイ(アンティーク)＠
エ,エコクリーン
エ,エコベール
エ,エジリー
エ,NSファーファ
エ,エバソロ
エ,エポラス
エ,エミール・アンリ
エ,エミリオロバ
エ,エムズスタイル
エ,エル シッド
エ,エルメス
エ,エレクトロラックス
オ,及源
オ,オヴァチュア
オ,OSK
オ,AucSale
オ,大倉陶園
オ,オールドノリタケ
オ,オダジマ
オ,オブジェ
オ,オリエント
オ,オレンジクオリティ
カ,貝印
カ,花王
カ,カガミクリスタル
カ,カクセー
カ,片岡製作所
カ,カネヨ石鹸
カ,カプリ
カ,カベルネ
カ,カリタ
カ,カワセ
カ,カンサイ
カ,カンダ
カ,ガイア
カ,ガストロン
キ,キキ
キ,キャス キッドソン
キ,キャセロール
キ,キャプテンスタッグ
キ,キュイジーヌ
キ,キューリグ
キ,京セラ
キ,玉虎堂製作所
ク,クイジナート
ク,九谷焼
ク,クックベッセル
ク,クミーチェ
ク,クリステル
ク,クリヤマ
ク,クロワッサン
ク,グッチーニ
ク,グランデビアンカ
ク,グランプリ
ク,グリーン レーベル リラクシング
ク,グレステン
ク,グローバル
ケ,ケデップ
ケ,藝夢堂
ケ,原光化学工業
コ,工房アイザワ
コ,コウミン
コ,香蘭社
コ,コージー
コ,コーニッツ
コ,コジオル
コ,コスミック団十郎
コ,コニャック
コ,小林製薬
コ,コプコ
コ,コミカランド
コ,コレール
コ,御所車
サ,サーモス
サ,サーモマグ
サ,サエコ
サ,堺一文字光秀
サ,堺菊守
サ,堺孝行
サ,堺南海
サ,サスティナ
サ,サブン
サ,サラヤ
サ,サンアート
サ,サンボネ
サ,サンリオ
シ,C3
シ,シービージャパン
シ,シャボン玉石けん
シ,シャラクモノ
シ,シャルドネ
シ,シュピゲラウ
シ,シラー
シ,シリット
シ,新光金属
シ,シンジカトウ
シ,ジアン
シ,ジェシースティール
シ,ジェフリーフルビマーリ
シ,ジェンガラ
シ,ジバンシー
シ,ジャンニ ヴェルサーチ
シ,ジョンソン
ス,スイスダイヤモンド
ス,スーペリア
ス,杉山金属
ス,スケーター
ス,スターバックス
ス,スタイルズ
ス,スタジオエム
ス,スタンダード イノックス
ス,ストウブ
セ,セカンドハッピー
セ,セレック
ソ,ソルター
ソ,ゾンビー
タ,タイガー
タ,高木金属
タ,タケヤ化学
タ,忠房
タ,たち吉
タ,たつみや
タ,谷口金属
タ,タニタ
タ,TAMAHAGANE
タ,タマハシ
タ,ダイニチ
タ,ダイヤアルミ
タ,ダヌーン
タ,ダンスク
チ,地の塩
チ,チボリ
ツ,ツインバード
ツ,ツヴィーゼル
ツ,月夜野工房
テ,TKG
テ,ティーシーサポート
テ,ティファール
テ,ティファニー
テ,ディアマン
テ,ディーヴァ
テ,デバイスタイル
テ,デュラレックス
テ,デロンギ
ト,常滑焼
ト,トップトーク
ト,トルーデュー
ト,ドウシシャ
ト,ドリテック
ナ,長谷園
ナ,ナハトマン
ナ,ナルミ
ナ,ナンセンジャパン
ニ,ニイタカ
ニ,ニシヤマ
ニ,ニッコー
ニ,ニッサン石鹸
ニ,ニトリ
ニ,日本アルミ
ニ,ニューボン
ヌ,Nuova Simonelli
ネ,ネスレ
ノ,ノア精密
ノ,野田琺瑯
ノ,ノリタケ
ハ,萩焼
ハ,白山陶器
ハ,波佐見焼
ハ,ハセガワ
ハ,長谷元
ハ,ハッピーブレイド
ハ,ハリオ
ハ,バイワールド
ハ,バカラ
ハ,barouche
ハ,パール金属
ハ,パイレックス
ハ,パメッソゾーリンゲン
ハ,パローネ
ヒ,ビアレッティ
ヒ,ビーカンパニー
ヒ,ビクトリノックス
ヒ,VitaCraft
ヒ,ビタントニオ
ヒ,ビレロイ&ボッホ
ヒ,ビレロイ&ボッホ(アンティーク)＠
ヒ,P&G
ヒ,ピーグランデ
ヒ,ピカルディー
フ,ファイヤーキング
フ,ファイヤーキング@
フ,フィスラー
フ,フェイラー
フ,フェニカ
フ,フォーエバー
フ,双葉工業
フ,フマキラー
フ,fuze
フ,フランツ
フ,フランフラン
フ,フリードリッヒハーダー
フ,フロストカトラリー
フ,フロッシュ
フ,ブラバンシア
フ,ブランニュー
フ,ブルーブルーエ メランジュ
フ,プラスマイナスゼロ
フ,プリンセサ
フ,プリンセス
フ,プレミオ
フ,プロフェッショナル
ヘ,ヘレンド
ヘ,ヘンケルス
ヘ,ベジトリー
ヘ,ベストコ
ヘ,ベルメゾン
ホ,ホームスワン
ホ,ホリエ
ホ,ホリシン
ホ,ホワイトポーセリン
ホ,ボダム
ホ,ボヘミア
マ,マークスアンドウェブ
マ,マーナ
マ,マイセン
マ,マイセン(アンティーク)＠
マ,マイヤー
マ,マクロス
マ,正広
マ,MASAMOTO
マ,マスターコック
マ,MAC
マ,マッセナ
マ,マリメッコ
マ,マンネン
ミ,ミーレ
ミ,磨き屋シンジケート
ミ,ミソノ
ミ,美濃焼
ミ,宮崎製作所
ミ,ミントン
ミ,ミントン(アンティーク)＠
ム,無印良品
モ,モリタ
ヤ,ヤクセル
ヤ,八千代窯
ヤ,柳宗理
ヤ,ヤマキイカイ
ユ,ユーシーエー
ユ,ユニリーバ
ヨ,ヨシカワ
ラ,ライオン
ラ,ラ　エミーズ
ラ,ラゴスティーナ
ラ,ラッセルホブス
ラ,ラ　ロシェール
ラ,ランチャン
リ,リーデル
リ,リチャードジノリ
リ,リチャードジノリ(アンティーク)＠
リ,リバーライト
リ,リビー
ル,ル クルーゼ
レ,レヴォル
レ,レオナルド
ロ,ロイヤルアルバート
ロ,ロイヤルアルバート(アンティーク)＠
ロ,ロイヤルウースター
ロ,ロイヤルウースター(アンティーク)＠
ロ,ロイヤルコペンハーゲン
ロ,ロイヤルコペンハーゲン(アンティーク)＠
ロ,ロイヤルドルトン
ロ,ロイヤルドルトン(アンティーク)＠
ロ,ローゼンタール
ロ,ローゼンタール(アンティーク)＠
ロ,ローラアシュレイ
ロ,ロベルトヘアダー
ロ,ロンシャン
ロ,ロンハーマン
ワ,ワーム
ワ,ワールドクリエイト
ワ,ワインスター
ワ,脇雅世
ワ,和田助製作所
ワ,和平フレイズ
ワ,ワンダーシェフ