ア,アーノルド パーマー
ア,アールエスエル
ア,アイスブレーカー
ア,アイパス
ア,アウトドア
ア,アクトギア
ア,アサヒゴルフ
ア,アシックス
ア,アスレタ
ア,アダバット
ア,アディダス
ア,アディダスゴルフ
ア,アトミック
ア,アノン
ア,アブガルシア
ア,アライアン
ア,アリーナ
ア,アルバローザ
ア,アルパインスターズ
ア,アンカー
ア,アンダーアーマー
ア,アンチヒーロー
ア,アンドワン
ア,アンブロ
イ,イーストン
イ,イーピーアイ
イ,イノーバ
イ,インチ
イ,インフィニティー
ウ,ウィルソン
ウ,ウールシュポルト
ウ,ウェスタンマウンテニアリング
ウ,ウェップス
ウ,ウエスタンエディション
ウ,ヴォックス
エ,エイティーエイト
エ,エイリアンワークショップ
エ,エヴィスゴルフ
エ,エス
エ,エスエスケー
エ,エトニーズ
エ,エドウィン
エ,エバーグリーン
エ,エフツー
エ,エムエスアール
エ,エメリカ
エ,エラン
エ,エレッセ
エ,エレメント
エ,エンジョイ
エ,エヴァディオ
オ,オーガスタ
オ,オークリー
オ,OP
オ,オールドベティーズ
オ,オガサカ
オ,小川キャンパル
オ,オスプレイ
オ,オデッセイ
オ,オニール
オ,オニツカ タイガー
オ,オリーブ デ オリーブ
オ,オルガニカ
オ,オルベア
オ,オンヨネ
カ,カザト
カ,カッター アンド バック
カ,カッパ
カ,カリアング
カ,カリマー
カ,カンタベリーオブニュージーランド
カ,カンパニョーロ
カ,ガーバー
カ,ガビック
カ,がまかつ
カ,ガルモント
ガ,ガーミン
キ,キザキ
キ,キャスコ
キ,キャットアイ
キ,キャノンデール
キ,キャラバン
キ,キャロウェイ
キ,キャニオン
ク,クイックシルバー
ク,クオータ
ク,久保田スラッガー
ク,クライスラー
ク,クラウディオ・パンディアーニ
ク,クリーシェ
ク,クリーブランド
ク,クリエーション
ク,クルックト
ク,グラミチ
ク,グレイ
ク,グレゴリー
ケ,ケイエイチエス
ケ,ケーツー
ケ,ゲスト
コ,コールマン
コ,コナ
コ,コナミ
コ,コブラワークス
コ,コラテック
コ,コルナゴ
コ,コルベット
コ,コロンビア
コ,コンソリデーテッド
コ,コンバース
コ,ゴーセン
コ,ゴールドウィン
ゴ,ゴールドジム
サ,サーカ
サ,サーティトゥー
サ,サーマレスト
サ,サーヴェロ
サ,サクライ貿易
サ,サッカージャンキー
サ,サトル
サ,サヌーク
サ,サバンダー
サ,サピエント
サ,サブリナ
サ,サロモン
サ,サンダンスフロー
サ,サンツアー
サ,サンヨー
サ,サンリオ
サ,ザナックス
サ,ザ ノースフェイス
サ,ザ ノース フェイス パープルレーベル
シ,シースリーフィット
シ,CW-X
シ,シグ
シ,シナノ
シ,シボレー
シ,シマノ
シ,シムス
シ,シモン
シ,シュアプレイ
シ,シュウィン
シ,シリオ
シ,ジーティー
シ,ジーフィット
シ,ジープ
シ,ジームス
シ,ジェイミス
シ,ジェイリンドバーグ
シ,ジェントス
シ,ジオス
シ,ジッポー
シ,ジャイアント
シ,ジャックウルフスキン
ジ,ジャッカル
ス,スウィックス
ス,スウィツスポート
ス,スカルパ
ス,スキンズ
ス,スクーター
ス,スコッティ キャメロン
ス,スコット
ス,スタンスポーツ
ス,ステューシー
ス,ステレオ
ス,ストライダ
ス,ストリームライト
ス,スノーピーク
ス,スパイ
ス,スパイダー
ス,スパイベルト
ス,スパッツィオ
ス,スピード
ス,スピングル ムーブ
ス,スペシャライズド
ス,スボルメ
ス,スポルティバ
ス,スポルディング
ス,スミス
ス,スライ
ス,スラム
ス,スリクソン
ス,スワンズ
ス,スント
ス,ズーヨーク
セ,セルジオタッキーニ
セ,セルテック
セ,センチュリオン
セ,ゼクシオ
セ,ゼット
セ,ゼロ
タ,タイトリスト
タ,タマザワ
タ,ダイス
タ,ダイナスター
タ,ダイワ
タ,ダウポンチ
タ,ダカイン
タ,ダズリン
タ,ダダ
タ,ダナー
タ,ダホン
タ,ダンスウィズドラゴン
タ,ダンロップ
チ,チッポーニ
チ,チネリ
チ,チペワ
チ,チャンピオン
チ,チョコレート
チ,チロリア
ツ,ツアーステージ
ツ,ツェハ
テ,ティーナインティーン
テ,ティムコ
テ,テーラーメイド
テ,テックナイン
テ,ディアドラ
テ,ディーエムエム
テ,ディーオーディー
テ,ディーシー
テ,ディーラックス
テ,ディマリニ
テ,ディメンション
テ,デイナデザイン
テ,デサント
テ,デフィリアス
テ,デフコン
デ,デローザ
ト,トアルソン
ト,トイマシーン
ト,トーバート
ト,トピーク
ト,トミー  ヒルフィガー
ト,トルクレックス
ト,トレクスタ
ト,トレック
ト,トレロック
ト,ドイター
ト,ドッペルギャンガー
ト,ドラゴン
ト,ドレイク
ト,ドロップ
ナ,ナイキ
ナ,ナイト
ナ,ナイトスター
ナ,ナイトロ
ナ,ナパピリ
ナ,ナルーカ
ナ,ナルゲン
ニ,ニッタク
ニ,ニュートン
ニ,ニューバランス
ネ,ネクスタイドエヴォリューション
ノ,ノベンバー
ノ,ノリーズ
ノ,ノルディカ
ハ,ハイゴールド
ハ,ハタケヤマ
ハ,ハビタット
ハ,ハマー
ハ,ハンワグ
ハ,バートン
ハ,バタフライ
ハ,バニュルス
ハ,バボラ
ハ,バリゴ
ハ,バンズ
ハ,パーリーゲイツ
ハ,パイネ
ハ,パウエル
ハ,パタゴニア
ハ,パナソニック
ハ,パラディーゾ
ヒ,ヒュンメル
ヒ,ビアンキ
ヒ,ビーオール
ヒ,ビーシーストリーム
ヒ,ビームス ゴルフ
ヒ,ビジョンクエスト
ヒ,ビバハート
ヒ,ビラボン
ヒ,ピーエフ フライヤーズ
ヒ,ピナレロ
ビ,ビーエイチバイクス
ビ,ビーエムシー
フ,ファーストアテント
フ,ファイブテン
フ,ファイブボロ
フ,ファナティック
フ,ファンデーション
フ,ファントム
フ,フィールドチャンプ
フ,フィッシャー
フ,フィドラ
フ,フィラ
フ,フィラゴルフ
フ,フェールラーベン
フ,フェルト
フ,フォーティーン
フ,フォーラム
フ,フォルクル
フ,フジ
フ,フラックス
フ,フランクリン
フ,フリップ
フ,フレドリック　パッカーズ
フ,フロー
フ,ブラックダイヤモンド
フ,ブラックレーベル
フ,ブリザード
フ,ブリヂストン
フ,ブルークラッシュ
フ,ブルックス
フ,ブロンプトン
フ,プーマ
フ,プランビー
フ,プリムス
フ,プリンス
フ,プリンストンテック
フ,プレイ ボーイ
フ,プロマーク
ヘ,ヘストラ
ヘ,ヘッド
ヘ,ヘリーハンセン
ヘ,ヘリノックス
ヘ,ベーカー
ヘ,ベティナルディ
ヘ,ベルガード
ヘ,ベルディング
ヘ,ベルメゾン
ヘ,ペツル
ヘ,ペナルティ
ホ,ホールデン
ホ,ホグロフス
ホ,ホンマゴルフ
ホ,ボレー
ホ,ボンジョック
ホ,ポラール
ボ,ボーマ
マ,マーカー
マ,マーキュリー デュオ
マ,マーモット
マ,マイター
マ,マイプロテイン
マ,マインドル
マ,マウジー
マ,マウンテンイクイップメント
マ,マウンテンスミス
マ,マグライト
マ,マグレガ―
マ,マジェスティック
マ,マックツール
マ,マムート
マ,マリーン
マ,マリ　クレール
マ,マルマン
マ,マングース
マ,マンシングウェア
マ,マヴィック
ミ,ミエコ ウエサコ
ミ,ミカサ
ミ,ミステリー
ミ,ミズノ
ミ,ミッシェルクラン
ミ,美津和タイガー
ミ,ミヤタ
ミ,ミリー
ミ,ミルテック
ミ,ミレー
メ,メガバス
メ,メジャークラフト
メ,メリダ
メ,メレル
モ,モス
モ,モバイリー
モ,モルテン
モ,モロー
モ,モントレイル
モ,モンベル
ヤ,ヤサカ
ヤ,ヤマハ
ユ,ユニックス
ユ,ユニフレーム
ユ,ユピテル
ヨ,ヨーラ
ヨ,ヨネックス
ラ,ラーケン
ラ,ライケル
ラ,ライス28
ラ,ライズアンドミューラー
ラ,ライド
ラ,ラカイ
ラ,ラコステ
ラ,ラスティ
ラ,ラッキー
ラ,ラファ
ラ,ラフマ
ラ,ラレー
ラ,ラング
ラ,ランボルギーニ
リ,リアル
リ,リーボック
リ,リッスン
リ,リブテック
リ,リモワ
ル,ルイガノ
ル,ルイスビルスラッガー
ル,ルースイソンブラ
ル,ルキシロン
ル,ルコック
ル,ルコックゴルフ
ル,ルコック スポルティフ
ル,ルック
ル,ルノー
レ,レイチェル
レ,レイドジャパン
レ,レキ
レ,レグザム
レ,レッド ウィング
レ,レベル
ロ,ロイッシュ
ロ,ロイヤルコレクション
ロ,ロウアルパイン
ロ,ローバー
ロ,ローム
ロ,ローリングス
ロ,ロキシー
ロ,ロコネイル
ロ,ロゴス
ロ,ロシニョール
ロ,ロッキー＆ホッパー
ロ,ロッテフェラー
ロ,ロデオクラウンズ
ワ,ワンエイティ